City_ID,City,Country,Date,Lat,Lng,Max Temp,Humidity,Cloudiness,Wind Speed,Current Description
0,hoa binh,VN,2021-05-30 16:39:35,20.8133,105.3383,85.89,70,100,2.39,overcast clouds
1,pevek,RU,2021-05-30 16:39:35,69.7008,170.3133,37.89,70,0,5.64,clear sky
2,lebu,CL,2021-05-30 16:39:35,-37.6167,-73.65,56.82,70,100,6.06,overcast clouds
3,tasiilaq,GL,2021-05-30 16:39:36,65.6145,-37.6368,39.36,80,99,17.54,overcast clouds
4,rikitea,PF,2021-05-30 16:39:36,-23.1203,-134.9692,74.68,79,100,16.31,light rain
5,new norfolk,AU,2021-05-30 16:39:36,-42.7826,147.0587,40.5,85,44,3.24,scattered clouds
6,severo-kurilsk,RU,2021-05-30 16:39:36,50.6789,156.125,38.61,97,100,15.23,light rain
7,qaanaaq,GL,2021-05-30 16:34:40,77.484,-69.3632,32.4,91,100,5.39,overcast clouds
8,busselton,AU,2021-05-30 16:34:39,-33.65,115.3333,54.09,71,100,14.76,overcast clouds
9,pankrushikha,RU,2021-05-30 16:39:37,53.8319,80.3406,60.82,59,15,6.24,few clouds
10,nuevitas,CU,2021-05-30 16:39:37,21.5453,-77.2644,85.44,55,19,4.29,few clouds
11,havoysund,NO,2021-05-30 16:39:37,70.9963,24.6622,43.03,95,100,28.1,overcast clouds
12,kieta,PG,2021-05-30 16:39:38,-6.2167,155.6333,78.03,85,77,4.27,broken clouds
13,bandarbeyla,SO,2021-05-30 16:39:38,9.4942,50.8122,79.54,85,22,29.86,few clouds
14,guerrero negro,MX,2021-05-30 16:39:38,27.9769,-114.0611,64.92,63,26,15.75,scattered clouds
15,longyan,CN,2021-05-30 16:39:38,25.1072,117.0225,72.64,98,99,1.83,overcast clouds
16,bluff,NZ,2021-05-30 16:39:04,-46.6,168.3333,49.8,94,100,22.32,light rain
17,port alfred,ZA,2021-05-30 16:39:39,-33.5906,26.891,58.53,62,32,6.78,scattered clouds
18,chipinge,ZW,2021-05-30 16:39:39,-20.1883,32.6236,61.0,31,0,4.97,clear sky
19,albany,US,2021-05-30 16:35:40,42.6001,-73.9662,49.86,90,100,5.44,moderate rain
20,katsuura,JP,2021-05-30 16:39:39,35.1333,140.3,66.31,88,37,13.67,scattered clouds
21,castro,BR,2021-05-30 16:39:40,-24.7911,-50.0119,57.18,98,100,3.65,overcast clouds
22,saint-philippe,RE,2021-05-30 16:39:40,-21.3585,55.7679,71.19,84,37,8.43,scattered clouds
23,qaqortoq,GL,2021-05-30 16:36:32,60.7167,-46.0333,46.9,72,62,5.08,broken clouds
24,dikson,RU,2021-05-30 16:34:49,73.5069,80.5464,31.73,93,100,11.92,overcast clouds
25,arraial do cabo,BR,2021-05-30 16:39:40,-22.9661,-42.0278,78.76,78,75,11.5,broken clouds
26,tuatapere,NZ,2021-05-30 16:39:41,-46.1333,167.6833,49.82,96,100,8.32,overcast clouds
27,margate,GB,2021-05-30 16:39:41,51.3813,1.3862,62.19,64,5,5.01,clear sky
28,karratha,AU,2021-05-30 16:39:41,-20.7377,116.8463,69.46,54,70,8.63,broken clouds
29,guasdualito,VE,2021-05-30 16:39:41,7.2424,-70.7324,86.0,70,59,5.75,broken clouds
30,puerto carreno,CO,2021-05-30 16:39:42,6.189,-67.4859,81.01,80,66,6.98,broken clouds
31,thompson,CA,2021-05-30 16:39:42,55.7435,-97.8558,41.16,75,90,6.91,overcast clouds
32,talen,IN,2021-05-30 16:39:42,23.5667,76.7167,95.02,27,91,5.7,overcast clouds
33,barrow,US,2021-05-30 16:39:43,71.2906,-156.7887,30.22,93,90,10.36,overcast clouds
34,puerto ayora,EC,2021-05-30 16:36:36,-0.7393,-90.3518,80.56,81,69,7.0,broken clouds
35,boyolangu,ID,2021-05-30 16:39:43,-8.1181,111.8935,75.4,93,91,3.8,overcast clouds
36,punta arenas,CL,2021-05-30 16:39:01,-53.15,-70.9167,37.51,56,40,9.71,scattered clouds
37,kutum,SD,2021-05-30 16:39:43,14.2,24.6667,92.08,13,34,11.92,scattered clouds
38,cape town,ZA,2021-05-30 16:39:42,-33.9258,18.4232,61.21,68,0,4.5,clear sky
39,ode,NG,2021-05-30 16:39:44,7.7899,5.7117,79.63,76,76,5.12,moderate rain
40,hereford,GB,2021-05-30 16:36:37,52.0568,-2.7148,68.25,54,70,1.01,broken clouds
41,ribeira grande,PT,2021-05-30 16:39:44,38.5167,-28.7,70.2,64,20,4.61,few clouds
42,hobart,AU,2021-05-30 16:38:42,-42.8794,147.3294,40.86,90,31,1.01,scattered clouds
43,laguna,US,2021-05-30 16:39:44,38.421,-121.4238,78.6,70,1,4.09,clear sky
44,bathsheba,BB,2021-05-30 16:39:45,13.2167,-59.5167,88.41,55,75,20.71,broken clouds
45,butaritari,KI,2021-05-30 16:39:45,3.0707,172.7902,82.76,78,92,15.39,light rain
46,bredasdorp,ZA,2021-05-30 16:39:45,-34.5322,20.0403,56.52,82,88,2.28,overcast clouds
47,storsteinnes,NO,2021-05-30 16:39:45,69.2408,19.2344,47.05,93,100,3.09,overcast clouds
48,luanda,AO,2021-05-30 16:38:22,-8.8368,13.2343,78.8,78,0,10.36,clear sky
49,geraldton,AU,2021-05-30 16:39:46,-28.7667,114.6,57.61,88,90,15.68,overcast clouds
50,kapaa,US,2021-05-30 16:39:46,22.0752,-159.319,69.78,88,1,3.4,clear sky
51,ushuaia,AR,2021-05-30 16:39:46,-54.8,-68.3,31.62,100,90,9.22,snow
52,meulaboh,ID,2021-05-30 16:38:29,4.1363,96.1285,76.37,87,100,2.3,overcast clouds
53,nikolskoye,RU,2021-05-30 16:34:51,59.7035,30.7861,54.39,50,7,4.45,clear sky
54,longyearbyen,SJ,2021-05-30 16:39:47,78.2186,15.6401,33.64,80,75,2.3,broken clouds
55,blythe,US,2021-05-30 16:39:47,33.6103,-114.5964,93.04,23,1,5.1,clear sky
56,biak,ID,2021-05-30 16:39:47,-0.9131,122.8766,76.08,87,67,4.12,broken clouds
57,lasa,IT,2021-05-30 16:39:47,46.6166,10.7002,71.51,67,35,6.02,scattered clouds
58,chapais,CA,2021-05-30 16:39:48,49.7834,-74.8492,60.58,26,0,7.9,clear sky
59,port elizabeth,ZA,2021-05-30 16:39:48,-33.918,25.5701,59.09,71,0,4.61,clear sky
60,coolum beach,AU,2021-05-30 16:39:48,-26.5333,153.1,58.1,77,99,10.76,overcast clouds
61,mahebourg,MU,2021-05-30 16:39:49,-20.4081,57.7,75.49,83,20,6.91,few clouds
62,ballina,AU,2021-05-30 16:39:49,-28.8667,153.5667,57.16,77,75,11.5,broken clouds
63,mataura,NZ,2021-05-30 16:39:49,-46.1927,168.8643,49.48,97,100,3.53,overcast clouds
64,hilo,US,2021-05-30 16:39:49,19.7297,-155.09,81.28,85,75,0.0,broken clouds
65,tuktoyaktuk,CA,2021-05-30 16:39:50,69.4541,-133.0374,33.8,69,20,10.36,few clouds
66,hermanus,ZA,2021-05-30 16:39:50,-34.4187,19.2345,58.89,80,79,3.24,broken clouds
67,shimoda,JP,2021-05-30 16:39:50,34.6667,138.95,68.11,78,69,10.76,broken clouds
68,vaini,TO,2021-05-30 16:39:50,-21.2,-175.2,75.36,100,90,5.75,moderate rain
69,lata,PT,2021-05-30 16:39:51,40.1629,-8.3327,85.05,46,56,6.53,broken clouds
70,saint-pierre,RE,2021-05-30 16:39:51,-21.3393,55.4781,71.28,71,0,4.61,clear sky
71,alexander city,US,2021-05-30 16:39:51,32.944,-85.9539,72.32,63,1,4.61,clear sky
72,san cristobal,VE,2021-05-30 16:39:51,7.7669,-72.225,77.18,48,48,7.02,scattered clouds
73,klaksvik,FO,2021-05-30 16:39:52,62.2266,-6.589,58.12,95,83,20.62,broken clouds
74,le marin,MQ,2021-05-30 16:39:52,14.4721,-60.8697,87.78,62,40,17.96,scattered clouds
75,nanortalik,GL,2021-05-30 16:39:52,60.1432,-45.2371,37.18,88,87,16.62,overcast clouds
76,hasaki,JP,2021-05-30 16:39:12,35.7333,140.8333,63.0,77,34,12.88,scattered clouds
77,udachnyy,RU,2021-05-30 16:39:53,66.4167,112.4,51.67,43,17,5.41,few clouds
78,grindavik,IS,2021-05-30 16:39:53,63.8424,-22.4338,46.35,93,75,19.06,broken clouds
79,lerum,SE,2021-05-30 16:39:53,57.7745,12.2697,77.22,40,0,6.49,clear sky
80,ust-tsilma,RU,2021-05-30 16:39:53,65.441,52.1498,40.42,66,100,7.7,overcast clouds
81,fomboni,KM,2021-05-30 16:39:54,-12.28,43.7425,80.62,73,5,12.21,clear sky
82,baft,IR,2021-05-30 16:39:54,29.234,56.6057,78.64,10,73,5.44,broken clouds
83,saint george,US,2021-05-30 16:39:54,37.1041,-113.5841,88.27,13,1,1.01,clear sky
84,mao,ES,2021-05-30 16:39:55,39.8885,4.2658,77.56,41,0,5.75,clear sky
85,jamestown,US,2021-05-30 16:37:06,42.097,-79.2353,62.19,52,40,8.01,scattered clouds
86,talnakh,RU,2021-05-30 16:39:55,69.4865,88.3972,37.29,82,100,25.7,light rain
87,cockburn town,TC,2021-05-30 16:39:55,21.4612,-71.1419,80.56,83,75,9.22,broken clouds
88,ponta delgada,PT,2021-05-30 16:35:34,37.7333,-25.6667,68.72,60,20,16.11,few clouds
89,chokwe,MZ,2021-05-30 16:39:55,-24.5333,32.9833,68.0,70,10,13.73,clear sky
90,luderitz,NA,2021-05-30 16:39:56,-26.6481,15.1594,62.24,64,86,17.02,overcast clouds
91,rangpur,BD,2021-05-30 16:39:56,25.75,89.25,81.84,80,53,6.42,broken clouds
92,terrace bay,CA,2021-05-30 16:39:56,48.7834,-87.1,55.9,70,75,8.01,broken clouds
93,flinders,AU,2021-05-30 16:39:57,-34.5833,150.8552,48.18,81,23,1.01,few clouds
94,san patricio,US,2021-05-30 16:39:57,28.017,-97.5169,85.86,57,12,14.18,few clouds
95,fairbanks,US,2021-05-30 16:39:57,64.8378,-147.7164,54.23,61,75,4.61,broken clouds
96,praia da vitoria,PT,2021-05-30 16:39:57,38.7333,-27.0667,68.25,73,40,11.21,scattered clouds
97,bambous virieux,MU,2021-05-30 16:39:58,-20.3428,57.7575,75.45,83,20,6.89,few clouds
98,oktyabrskoye,RU,2021-05-30 16:39:58,43.0645,44.7417,62.74,77,75,1.48,broken clouds
99,ponta do sol,PT,2021-05-30 16:39:58,32.6667,-17.1,70.72,75,37,4.79,scattered clouds
100,olafsvik,IS,2021-05-30 16:39:59,64.8945,-23.7142,41.04,94,100,13.69,heavy intensity rain
101,kudahuvadhoo,MV,2021-05-30 16:39:59,2.6708,72.8944,83.7,75,45,19.8,scattered clouds
102,kirakira,SB,2021-05-30 16:39:59,-10.4544,161.9205,77.31,89,96,7.74,overcast clouds
103,mareeba,AU,2021-05-30 16:39:59,-17.0,145.4333,65.44,92,72,3.71,broken clouds
104,mamakan,RU,2021-05-30 16:40:00,57.8161,114.0028,37.99,100,100,2.46,moderate rain
105,upernavik,GL,2021-05-30 16:40:00,72.7868,-56.1549,31.73,94,100,7.18,overcast clouds
106,souillac,MU,2021-05-30 16:40:00,-20.5167,57.5167,75.58,83,20,7.43,few clouds
107,carnarvon,AU,2021-05-30 16:40:01,-24.8667,113.6333,60.87,88,0,9.22,clear sky
108,narsaq,GL,2021-05-30 16:40:01,60.9167,-46.05,46.62,67,62,3.98,broken clouds
109,mocuba,MZ,2021-05-30 16:40:01,-16.8392,36.9856,68.41,59,0,4.16,clear sky
110,mar del plata,AR,2021-05-30 16:36:00,-38.0023,-57.5575,57.09,44,0,8.01,clear sky
111,general roca,AR,2021-05-30 16:40:02,-39.0333,-67.5833,54.0,38,14,15.64,few clouds
112,kodiak,US,2021-05-30 16:40:02,57.79,-152.4072,45.91,87,90,6.91,overcast clouds
113,fortuna,US,2021-05-30 16:40:02,40.5982,-124.1573,57.65,87,98,8.21,overcast clouds
114,nuuk,GL,2021-05-30 16:40:03,64.1835,-51.7216,36.21,80,90,9.22,overcast clouds
115,lithakia,GR,2021-05-30 16:40:03,37.7167,20.8333,76.28,41,20,8.05,few clouds
116,hithadhoo,MV,2021-05-30 16:35:21,-0.6,73.0833,83.21,73,52,16.64,broken clouds
117,gizo,SB,2021-05-30 16:40:03,-8.103,156.8419,80.94,79,86,5.73,light rain
118,coquimbo,CL,2021-05-30 16:37:11,-29.9533,-71.3436,56.93,88,40,4.23,scattered clouds
119,chuy,UY,2021-05-30 16:40:04,-33.6971,-53.4616,55.63,45,4,12.57,clear sky
120,hofn,IS,2021-05-30 16:40:04,64.2539,-15.2082,48.22,100,90,14.97,light rain
121,batemans bay,AU,2021-05-30 16:40:04,-35.7167,150.1833,42.91,86,0,4.21,clear sky
122,atar,MR,2021-05-30 16:39:39,20.5169,-13.0499,109.17,10,21,3.69,few clouds
123,betioky,MG,2021-05-30 16:40:04,-23.7167,44.3833,63.25,85,0,4.43,clear sky
124,khatanga,RU,2021-05-30 16:40:05,71.9667,102.5,35.46,99,100,5.95,overcast clouds
125,maglajani,BA,2021-05-30 16:40:05,44.9486,17.3494,63.0,55,40,4.61,light rain
126,conde,BR,2021-05-30 16:40:05,-7.2597,-34.9075,81.86,78,75,13.11,broken clouds
127,cleland,GB,2021-05-30 16:40:06,55.8024,-3.9142,69.91,60,70,1.99,broken clouds
128,lavrentiya,RU,2021-05-30 16:40:06,65.5833,-171.0,32.56,81,7,11.01,clear sky
129,asau,RO,2021-05-30 16:40:06,46.4333,26.4,59.92,83,55,3.42,broken clouds
130,basco,PH,2021-05-30 16:40:06,20.4487,121.9702,84.69,82,100,15.21,overcast clouds
131,avarua,CK,2021-05-30 16:38:01,-21.2078,-159.775,68.05,77,20,3.44,few clouds
132,nirgua,VE,2021-05-30 16:40:07,10.1553,-68.5663,82.0,54,73,0.25,broken clouds
133,kaitangata,NZ,2021-05-30 16:39:02,-46.2817,169.8464,49.39,94,100,8.99,moderate rain
134,abancay,PE,2021-05-30 16:40:07,-13.6339,-72.8814,68.14,45,80,3.96,broken clouds
135,shush,IR,2021-05-30 16:40:07,32.1942,48.2436,102.99,7,0,19.24,clear sky
136,kismayo,SO,2021-05-30 16:40:08,-0.3582,42.5454,78.55,82,89,14.61,overcast clouds
137,vallenar,CL,2021-05-30 16:40:08,-28.5708,-70.7581,81.09,23,0,6.06,clear sky
138,turkistan,KZ,2021-05-30 16:40:08,43.0,68.0,78.6,39,1,14.38,clear sky
139,leshan,CN,2021-05-30 16:40:08,29.5623,103.7639,71.24,85,100,0.92,moderate rain
140,canmore,CA,2021-05-30 16:38:47,51.0834,-115.3521,62.76,43,8,3.8,clear sky
141,jishou,CN,2021-05-30 16:40:09,28.3167,109.7167,64.71,94,22,0.69,light rain
142,ouadda,CF,2021-05-30 16:40:09,8.0777,22.4007,81.99,44,57,2.64,broken clouds
143,husavik,IS,2021-05-30 16:37:43,66.0449,-17.3389,55.31,49,87,17.31,overcast clouds
144,eureka,US,2021-05-30 16:39:59,40.8021,-124.1637,52.93,87,99,7.99,overcast clouds
145,sao joao da barra,BR,2021-05-30 16:39:19,-21.6403,-41.0511,86.09,68,48,7.85,scattered clouds
146,ilulissat,GL,2021-05-30 16:40:10,69.2167,-51.1,51.82,32,69,10.36,broken clouds
147,formiga,BR,2021-05-30 16:40:10,-20.4644,-45.4264,82.27,41,100,5.08,overcast clouds
148,marawi,PH,2021-05-30 16:40:10,7.9986,124.2928,67.64,94,100,2.06,heavy intensity rain
149,ruteng,ID,2021-05-30 16:40:10,-8.6136,120.4721,59.83,89,96,1.7,overcast clouds
150,magdagachi,RU,2021-05-30 16:40:11,53.45,125.8,45.45,98,29,3.27,scattered clouds
151,tazmalt,DZ,2021-05-30 16:40:11,36.3868,4.3989,86.94,32,47,7.49,scattered clouds
152,atuona,PF,2021-05-30 16:39:15,-9.8,-139.0333,80.33,60,87,8.05,overcast clouds
153,maniitsoq,GL,2021-05-30 16:40:11,65.4167,-52.9,35.51,88,100,5.44,overcast clouds
154,pisco,PE,2021-05-30 16:40:12,-13.7,-76.2167,65.01,94,90,6.91,overcast clouds
155,carauari,BR,2021-05-30 16:40:12,-4.8828,-66.8958,92.37,48,59,4.05,broken clouds
156,opportunity,US,2021-05-30 16:40:12,47.6499,-117.2399,68.9,44,1,0.0,clear sky
157,machilipatnam,IN,2021-05-30 16:40:12,16.1667,81.1333,91.6,68,46,8.99,scattered clouds
158,alyangula,AU,2021-05-30 16:35:43,-13.8483,136.4192,69.67,94,87,8.39,overcast clouds
159,yenagoa,NG,2021-05-30 16:40:13,4.9247,6.2642,81.97,84,99,5.64,light rain
160,ekhabi,RU,2021-05-30 16:40:13,53.5102,142.9671,31.62,94,65,4.72,broken clouds
161,urumqi,CN,2021-05-30 16:40:13,43.801,87.6005,74.35,22,0,3.09,clear sky
162,wanning,CN,2021-05-30 16:40:14,18.8003,110.3967,82.27,87,66,10.65,broken clouds
163,torbay,CA,2021-05-30 16:35:29,47.6666,-52.7314,60.89,52,20,12.66,few clouds
164,northam,GB,2021-05-30 16:40:14,51.0333,-4.2167,66.15,72,85,8.34,overcast clouds
165,wanaka,NZ,2021-05-30 16:40:14,-44.7,169.15,46.47,97,100,6.31,moderate rain
166,zyryanka,RU,2021-05-30 16:40:15,65.75,150.85,51.71,50,100,10.45,overcast clouds
167,darovskoy,RU,2021-05-30 16:40:15,58.77,47.9564,45.46,53,57,8.88,broken clouds
168,miles city,US,2021-05-30 16:39:03,46.4083,-105.8406,64.51,48,1,5.75,clear sky
169,sampit,ID,2021-05-30 16:40:15,-2.5333,112.95,76.64,90,100,3.02,overcast clouds
170,victoria,HK,2021-05-30 16:37:16,22.2855,114.1577,87.33,88,98,1.01,overcast clouds
171,katangli,RU,2021-05-30 16:40:15,51.7102,143.2326,35.37,90,100,8.28,overcast clouds
172,slobodskoy,RU,2021-05-30 16:39:22,58.7322,50.1772,44.28,67,86,5.23,light rain
173,tahoua,NE,2021-05-30 16:40:16,14.8888,5.2692,107.58,14,40,6.91,scattered clouds
174,marsh harbour,BS,2021-05-30 16:35:29,26.5412,-77.0636,79.72,73,4,13.53,clear sky
175,awbari,LY,2021-05-30 16:40:16,26.5921,12.7805,104.65,6,13,7.94,few clouds
176,kodinsk,RU,2021-05-30 16:40:16,58.6881,99.1844,36.16,95,93,0.87,overcast clouds
177,arlit,NE,2021-05-30 16:40:17,18.7369,7.3853,107.62,4,91,16.26,overcast clouds
178,touros,BR,2021-05-30 16:39:26,-5.1989,-35.4608,88.7,67,44,14.0,scattered clouds
179,antofagasta,CL,2021-05-30 16:40:07,-23.65,-70.4,70.21,58,34,8.01,scattered clouds
180,decatur,US,2021-05-30 16:40:17,39.8403,-88.9548,67.75,42,1,3.44,clear sky
181,ocho rios,JM,2021-05-30 16:40:17,18.4025,-77.1048,85.75,67,2,11.5,clear sky
182,ambon,ID,2021-05-30 16:40:18,-3.6954,128.1814,79.99,81,100,7.65,overcast clouds
183,muros,ES,2021-05-30 16:40:18,42.7762,-9.0603,79.3,52,100,13.91,overcast clouds
184,severodvinsk,RU,2021-05-30 16:40:18,64.5635,39.8302,48.31,57,12,0.65,few clouds
185,saldanha,ZA,2021-05-30 16:39:15,-33.0117,17.9442,60.85,83,7,7.67,clear sky
186,yellowknife,CA,2021-05-30 16:40:19,62.456,-114.3525,43.32,70,75,1.99,broken clouds
187,bangkalan,ID,2021-05-30 16:40:19,-7.0455,112.7351,82.35,84,98,2.57,overcast clouds
188,vila velha,BR,2021-05-30 16:40:19,-20.3297,-40.2925,87.75,59,0,5.01,clear sky
189,komsomolskiy,UZ,2021-05-30 16:40:19,40.4272,71.7189,84.92,21,39,16.11,scattered clouds
190,nome,US,2021-05-30 16:40:18,64.5011,-165.4064,46.47,36,1,23.02,clear sky
191,dingle,PH,2021-05-30 16:40:20,10.9995,122.6711,78.53,90,81,1.97,broken clouds
192,ostrovnoy,RU,2021-05-30 16:40:20,68.0531,39.5131,42.35,86,100,13.04,overcast clouds
193,vorontsovka,RU,2021-05-30 16:40:20,50.6132,40.3549,63.07,93,95,10.94,overcast clouds
194,mojo,ET,2021-05-30 16:40:20,8.6,39.1167,72.57,34,15,4.38,few clouds
195,palmer,US,2021-05-30 16:40:21,42.1584,-72.3287,50.02,85,90,1.99,moderate rain
196,airai,TL,2021-05-30 16:39:52,-8.9266,125.4092,58.8,90,99,1.61,overcast clouds
197,vanimo,PG,2021-05-30 16:40:21,-2.6741,141.3028,78.46,89,100,6.26,light rain
198,merauke,ID,2021-05-30 16:37:43,-8.4667,140.3333,75.29,87,72,12.44,broken clouds
199,ghanzi,BW,2021-05-30 16:40:21,-21.5667,21.7833,64.8,26,47,6.73,scattered clouds
200,port lincoln,AU,2021-05-30 16:40:22,-34.7333,135.8667,55.24,45,83,11.48,broken clouds
201,cherskiy,RU,2021-05-30 16:40:06,68.75,161.3,51.93,46,12,6.35,few clouds
202,holme,DK,2021-05-30 16:40:22,56.1138,10.1725,71.46,70,0,4.5,clear sky
203,huarmey,PE,2021-05-30 16:38:36,-10.0681,-78.1522,71.1,75,60,10.78,broken clouds
204,itoman,JP,2021-05-30 16:40:22,26.1247,127.6694,75.97,94,75,10.36,light rain
205,adrar,MR,2021-05-30 16:40:22,20.5022,-10.0711,97.16,22,65,29.71,broken clouds
206,kalmunai,LK,2021-05-30 16:40:23,7.4167,81.8167,83.21,77,37,4.21,scattered clouds
207,saint-georges,GD,2021-05-30 16:36:00,12.0564,-61.7485,85.68,66,75,28.77,broken clouds
208,henties bay,NA,2021-05-30 16:40:23,-22.116,14.2845,56.86,85,58,7.81,broken clouds
209,isangel,VU,2021-05-30 16:40:23,-19.55,169.2667,70.05,76,92,5.75,overcast clouds
210,ginir,ET,2021-05-30 16:40:24,7.1333,40.7,60.57,61,54,4.68,broken clouds
211,mayumba,GA,2021-05-30 16:40:24,-3.432,10.6554,77.77,84,46,7.25,scattered clouds
212,baykalsk,RU,2021-05-30 16:40:24,51.5058,104.1469,39.07,82,100,5.68,overcast clouds
213,pangnirtung,CA,2021-05-30 16:40:24,66.1451,-65.7125,30.2,86,90,12.66,overcast clouds
214,mangaluru,IN,2021-05-30 16:40:25,12.8667,74.8833,79.66,94,75,2.8,broken clouds
215,mount gambier,AU,2021-05-30 16:40:25,-37.8333,140.7667,40.91,87,18,6.91,few clouds
216,ulaangom,MN,2021-05-30 16:35:30,49.9811,92.0667,51.3,37,62,2.93,broken clouds
217,bonfim,BR,2021-05-30 16:40:25,3.0833,-59.95,77.41,86,100,4.36,overcast clouds
218,champasak,LA,2021-05-30 16:40:26,14.75,106.0,80.33,81,100,0.87,overcast clouds
219,maryborough,AU,2021-05-30 16:40:26,-25.5333,152.7,56.1,82,54,5.08,broken clouds
220,talaya,RU,2021-05-30 16:40:26,61.3833,152.75,39.06,79,99,5.28,overcast clouds
221,bengkulu,ID,2021-05-30 16:40:26,-3.8004,102.2655,76.8,87,98,5.53,moderate rain
222,maketu,NZ,2021-05-30 16:40:27,-37.7667,176.45,47.48,100,72,8.93,broken clouds
223,ollioules,FR,2021-05-30 16:40:27,43.1352,5.848,75.92,61,98,1.99,overcast clouds
224,tarabuco,BO,2021-05-30 16:40:27,-19.1667,-64.9167,52.88,61,91,10.54,overcast clouds
225,east london,ZA,2021-05-30 16:39:13,-33.0153,27.9116,54.54,82,0,2.3,clear sky
226,clyde river,CA,2021-05-30 16:40:16,70.4692,-68.5914,30.43,86,75,4.61,broken clouds
227,viamao,BR,2021-05-30 16:39:34,-30.0811,-51.0233,59.29,39,0,4.63,clear sky
228,coihaique,CL,2021-05-30 16:36:53,-45.5752,-72.0662,47.01,93,90,9.22,moderate rain
229,georgetown,MY,2021-05-30 16:40:28,5.4112,100.3354,85.89,83,20,3.0,few clouds
230,najran,SA,2021-05-30 16:40:28,17.4924,44.1277,93.85,12,4,5.82,clear sky
231,butterworth,MY,2021-05-30 16:40:28,5.3991,100.3638,86.0,85,20,3.0,few clouds
232,cabra,ES,2021-05-30 16:40:29,37.4725,-4.4421,85.44,36,100,8.9,overcast clouds
233,ishigaki,JP,2021-05-30 16:40:29,24.3448,124.1572,79.7,86,100,8.99,overcast clouds
234,umm lajj,SA,2021-05-30 16:40:29,25.0213,37.2685,85.6,58,10,9.82,clear sky
235,newport,GB,2021-05-30 16:35:34,51.5877,-2.9984,68.68,70,100,6.91,overcast clouds
236,martapura,ID,2021-05-30 16:40:29,-3.4167,114.85,77.09,94,96,2.21,overcast clouds
237,cordoba,AR,2021-05-30 16:36:27,-31.4135,-64.1811,72.43,25,0,4.0,clear sky
238,pundaguitan,PH,2021-05-30 16:40:30,6.3711,126.1689,77.09,89,100,5.59,moderate rain
239,kavieng,PG,2021-05-30 16:40:30,-2.5744,150.7967,80.67,81,97,9.62,moderate rain
240,sibolga,ID,2021-05-30 16:40:30,1.7427,98.7792,76.6,90,51,2.93,broken clouds
241,janauba,BR,2021-05-30 16:40:31,-15.8025,-43.3089,92.73,19,6,9.73,clear sky
242,maiduguri,NG,2021-05-30 16:40:31,11.8464,13.1603,102.04,7,0,13.11,clear sky
243,tairua,NZ,2021-05-30 16:40:31,-37.0167,175.85,54.5,83,100,9.19,moderate rain
244,novouzensk,RU,2021-05-30 16:40:31,50.4592,48.1431,67.62,73,67,20.02,broken clouds
245,arman,RU,2021-05-30 16:40:32,59.7,150.1667,37.06,98,100,4.21,light rain
246,takoradi,GH,2021-05-30 16:40:32,4.8845,-1.7554,83.28,73,82,11.68,broken clouds
247,fort nelson,CA,2021-05-30 16:40:32,58.8053,-122.7002,54.99,50,75,4.61,broken clouds
248,hay river,CA,2021-05-30 16:40:33,60.8156,-115.7999,44.58,70,75,8.05,broken clouds
249,porto torres,IT,2021-05-30 16:40:33,40.835,8.3972,71.78,73,25,3.29,scattered clouds
250,ugoofaaru,MV,2021-05-30 16:40:33,5.6667,73.0,83.86,74,96,19.57,overcast clouds
251,leningradskiy,RU,2021-05-30 16:40:33,69.3833,178.4167,33.19,81,61,3.44,broken clouds
252,norman wells,CA,2021-05-30 16:40:34,65.282,-126.8329,39.24,87,75,11.5,broken clouds
253,vao,NC,2021-05-30 16:40:34,-22.6667,167.4833,70.02,54,96,19.01,overcast clouds
254,kloulklubed,PW,2021-05-30 16:40:34,7.0419,134.2556,81.1,75,100,23.49,overcast clouds
255,tazovskiy,RU,2021-05-30 16:40:34,67.4667,78.7,36.73,96,100,11.14,overcast clouds
256,muroto,JP,2021-05-30 16:40:35,33.2833,134.15,68.09,67,49,6.2,scattered clouds
257,codajas,BR,2021-05-30 16:40:35,-3.8367,-62.0569,92.88,47,6,4.43,clear sky
258,darhan,MN,2021-05-30 16:40:35,49.4867,105.9228,40.14,65,48,6.4,scattered clouds
259,morro da fumaca,BR,2021-05-30 16:40:35,-28.6508,-49.21,60.94,62,71,7.7,broken clouds
260,maracacume,BR,2021-05-30 16:40:36,-2.0428,-45.9592,84.06,69,43,3.22,scattered clouds
261,la ronge,CA,2021-05-30 16:40:36,55.1001,-105.2842,55.65,47,1,5.75,clear sky
262,provideniya,RU,2021-05-30 16:40:36,64.3833,-173.3,42.19,54,2,12.08,clear sky
263,plymouth,US,2021-05-30 16:40:36,41.8334,-70.8328,50.09,94,90,4.0,overcast clouds
264,saskylakh,RU,2021-05-30 16:39:24,71.9167,114.0833,36.05,89,100,3.13,overcast clouds
265,saravena,CO,2021-05-30 16:40:37,6.9538,-71.8752,87.89,53,57,6.22,broken clouds
266,chokurdakh,RU,2021-05-30 16:39:01,70.6333,147.9167,51.1,48,23,9.26,few clouds
267,taoudenni,ML,2021-05-30 16:40:37,22.6783,-3.9836,113.34,6,97,1.86,overcast clouds
268,antalaha,MG,2021-05-30 16:40:37,-14.9003,50.2788,73.08,91,8,7.47,light rain
269,nangong,CN,2021-05-30 16:40:38,37.3581,115.3744,68.45,46,4,7.29,light rain
270,grenaa,DK,2021-05-30 16:40:38,56.4158,10.8783,71.82,71,0,4.94,clear sky
271,richards bay,ZA,2021-05-30 16:40:38,-28.783,32.0377,63.91,72,12,9.1,few clouds
272,high level,CA,2021-05-30 16:40:38,58.5169,-117.136,59.11,51,75,3.24,broken clouds
273,zhigansk,RU,2021-05-30 16:40:39,66.7697,123.3711,48.0,57,2,11.1,clear sky
274,waddan,LY,2021-05-30 16:40:39,29.1614,16.139,97.95,13,58,14.94,broken clouds
275,safakulevo,RU,2021-05-30 16:40:39,54.9901,62.5442,63.27,86,74,9.01,moderate rain
276,samarai,PG,2021-05-30 16:40:19,-10.6167,150.6667,79.32,76,99,15.59,overcast clouds
277,tigre,AR,2021-05-30 16:40:39,-34.426,-58.5796,60.1,41,0,8.05,clear sky
278,havre-saint-pierre,CA,2021-05-30 16:39:46,50.2334,-63.5986,57.56,47,1,10.36,clear sky
279,kruisfontein,ZA,2021-05-30 16:40:40,-34.0033,24.7314,56.88,72,100,9.15,overcast clouds
280,vetlanda,SE,2021-05-30 16:40:40,57.4289,15.0776,71.47,40,3,3.49,clear sky
281,zapolyarnyy,RU,2021-05-30 16:40:40,69.4154,30.8136,45.68,64,97,19.06,overcast clouds
282,batsfjord,NO,2021-05-30 16:40:41,70.6345,29.7185,44.82,75,75,25.32,broken clouds
283,carluke,GB,2021-05-30 16:40:41,55.736,-3.8302,69.1,60,68,4.9,broken clouds
284,lalmohan,BD,2021-05-30 16:40:41,22.3384,90.7419,84.52,82,60,14.05,broken clouds
285,viedma,AR,2021-05-30 16:37:22,-40.8135,-62.9967,55.96,38,41,16.06,scattered clouds
286,lishui,CN,2021-05-30 16:40:42,28.4604,119.9103,67.33,98,88,3.24,overcast clouds
287,umba,RU,2021-05-30 16:40:42,66.6871,34.3429,47.3,62,82,7.56,broken clouds
288,oktyabrskiy,RU,2021-05-30 16:40:42,54.4815,53.471,60.17,93,21,16.28,few clouds
289,altay,CN,2021-05-30 16:40:43,47.8667,88.1167,61.54,19,4,7.85,clear sky
290,de aar,ZA,2021-05-30 16:40:43,-30.6497,24.0123,50.25,32,0,1.36,clear sky
291,walvis bay,NA,2021-05-30 16:40:43,-22.9575,14.5053,63.55,67,20,10.98,few clouds
292,mogok,MM,2021-05-30 16:40:44,22.9167,96.5,67.17,86,40,3.76,scattered clouds
293,tiarei,PF,2021-05-30 16:40:44,-17.5333,-149.3333,77.0,77,89,16.37,light rain
294,comodoro rivadavia,AR,2021-05-30 16:40:44,-45.8667,-67.5,40.86,87,90,0.0,overcast clouds
295,alice springs,AU,2021-05-30 16:36:23,-23.7,133.8833,40.55,56,63,5.44,broken clouds
296,lardos,GR,2021-05-30 16:40:44,36.0942,28.0157,74.95,60,83,3.78,broken clouds
297,rocha,UY,2021-05-30 16:40:45,-34.4833,-54.3333,54.34,49,6,14.74,clear sky
298,tautira,PF,2021-05-30 16:40:21,-17.7333,-149.15,77.0,77,91,17.85,light rain
299,cody,US,2021-05-30 16:40:45,44.5263,-109.0565,62.91,29,1,5.75,clear sky
300,kiama,AU,2021-05-30 16:40:45,-34.6833,150.8667,48.38,81,28,1.99,scattered clouds
301,cabo san lucas,MX,2021-05-30 16:40:45,22.8909,-109.9124,91.81,50,4,8.59,clear sky
302,woodstock,CA,2021-05-30 16:39:03,43.1334,-80.7497,66.65,39,2,9.46,clear sky
303,te anau,NZ,2021-05-30 16:39:47,-45.4167,167.7167,47.71,96,100,5.12,light rain
304,sitka,US,2021-05-30 16:40:46,57.0531,-135.33,51.69,71,90,5.75,light rain
305,aasiaat,GL,2021-05-30 16:40:46,68.7098,-52.8699,36.27,75,42,9.42,scattered clouds
306,mandan,US,2021-05-30 16:37:56,46.8267,-100.8896,70.03,40,1,16.11,clear sky
307,la palma,US,2021-05-30 16:43:31,33.8464,-118.0467,70.36,80,90,0.0,overcast clouds
308,dorado,PR,2021-05-30 16:40:47,18.4588,-66.2677,87.1,73,40,18.37,scattered clouds
309,esil,KZ,2021-05-30 16:40:47,51.9556,66.4042,68.41,64,71,17.72,light rain
310,iqaluit,CA,2021-05-30 16:40:47,63.7506,-68.5145,35.33,69,75,10.0,broken clouds
311,itaberai,BR,2021-05-30 16:40:48,-16.0203,-49.8103,87.4,33,74,6.46,broken clouds
312,mount isa,AU,2021-05-30 16:40:48,-20.7333,139.5,55.17,50,3,1.14,clear sky
313,riyadh,SA,2021-05-30 16:36:00,24.6877,46.7219,104.14,9,0,6.91,clear sky
314,cap-aux-meules,CA,2021-05-30 16:40:48,47.3821,-61.8597,51.85,58,75,6.91,broken clouds
315,sanming,CN,2021-05-30 16:40:49,26.2486,117.6186,71.55,99,100,2.33,overcast clouds
316,trinidad,BO,2021-05-30 16:40:49,-14.8333,-64.9,84.18,70,75,4.61,broken clouds
317,formosa,AR,2021-05-30 16:40:49,-26.1775,-58.1781,66.18,39,0,11.5,clear sky
318,palana,RU,2021-05-30 16:40:49,59.1167,159.9667,33.73,84,86,4.29,overcast clouds
319,karasjok,NO,2021-05-30 16:40:50,69.4719,25.5112,44.71,62,59,19.75,broken clouds
320,atbasar,KZ,2021-05-30 16:40:50,51.8,68.3333,74.19,46,26,17.02,scattered clouds
321,boa vista,BR,2021-05-30 16:38:19,2.8197,-60.6733,78.78,89,75,3.44,broken clouds
322,envira,BR,2021-05-30 16:40:50,-7.3,-70.2167,84.16,67,86,2.57,overcast clouds
323,nishihara,JP,2021-05-30 16:40:50,26.1842,127.7558,75.25,94,90,14.16,light rain
324,stornoway,GB,2021-05-30 16:40:51,58.2093,-6.3865,65.93,63,3,10.36,clear sky
325,necochea,AR,2021-05-30 16:40:51,-38.5473,-58.7368,56.03,42,27,16.53,scattered clouds
326,tangjiazhuang,CN,2021-05-30 16:40:51,39.7333,118.45,56.48,72,36,4.76,light rain
327,padang,ID,2021-05-30 16:40:52,-0.9492,100.3543,76.96,89,78,4.16,heavy intensity rain
328,makakilo city,US,2021-05-30 16:40:52,21.3469,-158.0858,71.92,82,75,5.75,broken clouds
329,baijiantan,CN,2021-05-30 16:36:45,45.6333,85.1833,81.21,16,0,13.4,clear sky
330,broken hill,AU,2021-05-30 16:38:06,-31.95,141.4333,42.51,49,2,11.5,clear sky
331,toktogul,KG,2021-05-30 16:40:52,41.8708,72.9402,61.54,85,100,1.66,overcast clouds
332,svencionys,LT,2021-05-30 16:40:53,55.15,26.1667,53.94,59,80,7.96,broken clouds
333,surt,LY,2021-05-30 16:36:03,31.2089,16.5887,73.33,65,6,12.3,clear sky
334,voznesenskoye,RU,2021-05-30 16:40:53,54.89,42.7569,42.78,88,100,13.0,moderate rain
335,naifaru,MV,2021-05-30 16:40:53,5.4444,73.3657,83.86,73,79,19.82,broken clouds
336,esperance,AU,2021-05-30 16:40:53,-33.8667,121.9,57.04,78,92,26.15,light rain
337,atambua,ID,2021-05-30 16:40:54,-9.1061,124.8925,72.09,86,100,2.13,overcast clouds
338,pakxan,LA,2021-05-30 16:40:54,18.3778,103.6601,81.84,77,100,1.1,light rain
339,whitehorse,CA,2021-05-30 16:40:54,60.7161,-135.0538,50.09,57,75,15.01,broken clouds
340,blind river,CA,2021-05-30 16:36:53,46.1834,-82.9582,66.45,41,2,6.46,clear sky
341,tura,IN,2021-05-30 16:40:09,25.5198,90.2201,73.54,93,9,3.47,clear sky
342,puerto escondido,MX,2021-05-30 16:40:55,15.85,-97.0667,88.3,62,23,6.93,few clouds
343,cilegon,ID,2021-05-30 16:40:55,-6.0174,106.0538,82.29,80,31,3.02,scattered clouds
344,livingstonia,MW,2021-05-30 16:40:55,-10.606,34.1063,58.5,62,17,4.5,few clouds
345,constitucion,CL,2021-05-30 16:40:56,-35.3333,-72.4167,59.52,52,77,8.21,broken clouds
346,vurgun,AZ,2021-05-30 16:40:56,41.0942,45.4716,68.16,55,5,9.6,clear sky
347,zarya,RU,2021-05-30 16:40:56,55.7553,38.0958,54.32,53,74,10.74,light rain
348,verkhnevilyuysk,RU,2021-05-30 16:40:56,63.4453,120.3167,47.23,58,30,4.03,scattered clouds
349,pacific grove,US,2021-05-30 16:36:00,36.6177,-121.9166,61.81,86,90,4.0,overcast clouds
350,balkhash,KZ,2021-05-30 16:40:57,46.844,74.9804,71.73,29,1,2.53,clear sky
351,itarema,BR,2021-05-30 16:40:57,-2.9248,-39.9167,85.68,58,6,14.72,clear sky
352,baisha,CN,2021-05-30 16:40:57,26.5222,110.9311,68.54,97,95,0.67,overcast clouds
353,sherbakul,RU,2021-05-30 16:40:58,54.6316,72.3963,76.68,31,71,14.65,broken clouds
354,laguna de duero,ES,2021-05-30 16:40:58,41.5815,-4.7233,84.04,34,0,8.41,clear sky
355,muisne,EC,2021-05-30 16:40:58,0.6,-80.0333,84.31,78,79,7.9,broken clouds
356,acapulco,MX,2021-05-30 16:38:11,16.8634,-99.8901,87.62,58,40,8.34,scattered clouds
357,nouna,BF,2021-05-30 16:40:59,12.7333,-3.8667,102.16,20,35,10.29,scattered clouds
358,ashoknagar,IN,2021-05-30 16:40:59,24.5667,77.7167,93.09,29,21,0.2,few clouds
359,bundaberg,AU,2021-05-30 16:40:59,-24.85,152.35,56.21,86,39,3.0,scattered clouds
360,gisborne,NZ,2021-05-30 16:40:59,-38.6533,178.0042,48.65,89,72,7.61,broken clouds
361,aklavik,CA,2021-05-30 16:41:00,68.2191,-135.0107,38.23,60,20,13.8,few clouds
362,milosesti,RO,2021-05-30 16:41:00,44.7333,27.2333,66.65,65,100,5.28,overcast clouds
363,puerto del rosario,ES,2021-05-30 16:41:00,28.5004,-13.8627,74.88,68,20,17.27,few clouds
364,iberia,US,2021-05-30 16:41:01,29.9502,-91.7507,74.98,64,1,6.91,clear sky
365,izazi,TZ,2021-05-30 16:41:01,-7.2,35.7333,73.24,52,43,6.96,scattered clouds
366,uhlove,UA,2021-05-30 16:41:01,44.8215,33.6045,67.57,74,69,3.04,broken clouds
367,agirish,RU,2021-05-30 16:41:01,61.9247,63.0231,42.76,79,100,5.57,overcast clouds
368,hamilton,US,2021-05-30 16:40:04,39.1834,-84.5333,61.2,69,90,1.01,overcast clouds
369,matamoros,MX,2021-05-30 16:41:02,25.5333,-103.25,86.11,37,40,12.28,scattered clouds
370,provost,CA,2021-05-30 16:40:40,52.3501,-110.2683,70.25,38,2,6.26,clear sky
371,bo phloi,TH,2021-05-30 16:41:03,14.3236,99.5161,79.25,83,19,5.32,few clouds
372,adre,TD,2021-05-30 16:41:03,13.4667,22.2,95.25,11,38,8.1,scattered clouds
373,tammisaari,FI,2021-05-30 16:41:03,59.9736,23.4339,57.94,56,1,5.23,clear sky
374,weyburn,CA,2021-05-30 16:36:51,49.6668,-103.8511,61.02,31,2,19.57,clear sky
375,lagoa,PT,2021-05-30 16:39:21,39.05,-27.9833,63.37,73,42,8.34,scattered clouds
376,copiapo,CL,2021-05-30 16:41:04,-27.3667,-70.3333,55.09,24,0,6.04,clear sky
377,san andres,CO,2021-05-30 16:41:04,12.5847,-81.7006,86.02,70,40,14.97,scattered clouds
378,taltal,CL,2021-05-30 16:39:36,-25.4,-70.4833,67.35,68,17,5.37,few clouds
379,nemuro,JP,2021-05-30 16:38:16,43.3236,145.575,41.36,91,99,15.48,overcast clouds
380,maunabo,PR,2021-05-30 16:41:04,18.0072,-65.8993,87.64,80,24,13.85,few clouds
381,sisimiut,GL,2021-05-30 16:41:05,66.9395,-53.6735,36.0,81,67,6.78,broken clouds
382,sorong,ID,2021-05-30 16:37:03,-0.8833,131.25,79.18,89,100,12.97,overcast clouds
383,khomutovo,RU,2021-05-30 16:41:05,52.4658,104.4025,41.61,70,95,5.06,overcast clouds
384,beringovskiy,RU,2021-05-30 16:41:05,63.05,179.3167,32.5,77,19,8.95,few clouds
385,yulara,AU,2021-05-30 16:41:06,-25.2406,130.9889,55.24,44,100,8.05,overcast clouds
386,cidreira,BR,2021-05-30 16:41:06,-30.1811,-50.2056,57.34,45,0,11.23,clear sky
387,hit,IQ,2021-05-30 16:41:06,33.6416,42.8251,92.23,16,81,10.92,broken clouds
388,hoquiam,US,2021-05-30 16:41:06,46.9809,-123.8893,63.45,50,1,0.0,clear sky
389,poum,NC,2021-05-30 16:41:07,-20.2333,164.0167,72.1,57,50,13.02,scattered clouds
390,imeni poliny osipenko,RU,2021-05-30 16:41:07,52.4201,136.4853,44.65,90,100,6.6,overcast clouds
391,los llanos de aridane,ES,2021-05-30 16:41:07,28.6585,-17.9182,68.13,82,40,13.51,scattered clouds
392,medina,SA,2021-05-30 16:41:07,24.4686,39.6142,102.63,13,40,20.8,scattered clouds
393,babu,CN,2021-05-30 16:41:08,24.4167,111.5167,75.47,97,97,2.17,overcast clouds
394,pokhara,NP,2021-05-30 16:39:01,28.2333,83.9833,72.45,71,15,5.03,few clouds
395,poretskoye,RU,2021-05-30 16:41:08,55.1974,46.3291,43.63,87,100,12.66,overcast clouds
396,roebourne,AU,2021-05-30 16:41:08,-20.7833,117.1333,69.93,49,39,8.43,scattered clouds
397,marondera,ZW,2021-05-30 16:41:08,-18.1853,31.5519,56.25,36,0,3.69,clear sky
398,gat,IL,2021-05-30 16:40:32,31.61,34.7642,84.4,40,45,8.97,scattered clouds
399,kempele,FI,2021-05-30 16:41:09,64.9131,25.5034,53.62,54,0,9.22,clear sky
400,rio grande,BR,2021-05-30 16:41:09,-32.035,-52.0986,57.31,44,20,12.55,few clouds
401,corbelia,BR,2021-05-30 16:41:09,-24.7989,-53.3067,65.79,88,97,3.22,overcast clouds
402,skeldon,GY,2021-05-30 16:41:10,5.8833,-57.1333,78.31,92,100,4.83,overcast clouds
403,keetmanshoop,NA,2021-05-30 16:41:10,-26.5833,18.1333,64.78,27,100,3.62,overcast clouds
404,namatanai,PG,2021-05-30 16:40:28,-3.6667,152.4333,78.78,83,93,5.82,light rain
405,kropotkin,RU,2021-05-30 16:41:10,45.4375,40.5756,63.41,87,65,15.43,broken clouds
406,san rafael,AR,2021-05-30 16:36:15,-34.6177,-68.3301,58.32,39,4,3.94,clear sky
407,poso,ID,2021-05-30 16:41:10,-1.3959,120.7524,77.95,87,65,5.06,broken clouds
408,cachoeiras de macacu,BR,2021-05-30 16:40:23,-22.4625,-42.6531,78.31,70,38,4.07,scattered clouds
409,tromso,NO,2021-05-30 16:41:11,69.6496,18.957,47.05,87,75,4.0,light rain
410,neustadt,DE,2021-05-30 16:41:11,49.7117,12.0872,64.26,29,1,7.36,clear sky
411,bilibino,RU,2021-05-30 16:41:11,68.0546,166.4372,45.66,55,89,2.21,overcast clouds
412,taseyevo,RU,2021-05-30 16:41:12,57.2169,94.8978,37.9,74,92,2.84,overcast clouds
413,vila franca do campo,PT,2021-05-30 16:41:12,37.7167,-25.4333,68.41,66,35,8.14,scattered clouds
414,zhangjiakou,CN,2021-05-30 16:41:12,40.81,114.8794,65.95,46,53,9.46,broken clouds
415,yangjiang,CN,2021-05-30 16:41:12,21.85,111.9667,81.41,91,94,4.99,overcast clouds
416,corn island,NI,2021-05-30 16:41:13,12.1694,-83.0418,81.97,75,34,14.18,scattered clouds
417,helong,CN,2021-05-30 16:41:13,42.5397,128.9972,49.39,84,67,4.07,broken clouds
418,damghan,IR,2021-05-30 16:41:13,36.1683,54.348,88.95,14,1,3.27,clear sky
419,mehamn,NO,2021-05-30 16:41:13,71.0357,27.8492,42.98,81,75,21.85,broken clouds
420,port hawkesbury,CA,2021-05-30 16:41:14,45.6169,-61.3485,60.1,76,75,7.0,broken clouds
421,tagusao,PH,2021-05-30 16:41:14,9.1924,117.8141,81.48,81,94,6.02,overcast clouds
422,san jose,US,2021-05-30 16:36:27,37.3394,-121.895,72.01,63,20,3.44,few clouds
423,stettler,CA,2021-05-30 16:43:37,52.3168,-112.7186,65.95,37,9,10.36,clear sky
424,champerico,GT,2021-05-30 16:43:38,14.3,-91.9167,91.76,61,68,2.3,broken clouds
425,goulburn,AU,2021-05-30 16:43:38,-34.75,149.7167,35.04,90,0,1.74,clear sky
426,tilichiki,RU,2021-05-30 16:41:13,60.4667,166.1,36.63,88,100,1.23,overcast clouds
427,dickson,US,2021-05-30 16:43:38,36.077,-87.3878,67.21,57,1,5.99,clear sky
428,baruun-urt,MN,2021-05-30 16:43:39,46.6806,113.2792,49.98,72,100,10.51,moderate rain
429,alofi,NU,2021-05-30 16:43:39,-19.0595,-169.9187,75.09,94,35,3.44,light rain
430,sao felix do xingu,BR,2021-05-30 16:43:39,-6.6447,-51.995,91.36,39,3,6.91,clear sky
431,yangshe,CN,2021-05-30 16:43:39,31.8899,120.6052,77.04,68,50,3.0,scattered clouds
432,weligama,LK,2021-05-30 16:43:40,5.9667,80.4167,79.81,86,99,13.67,overcast clouds
433,vestmannaeyjar,IS,2021-05-30 16:43:40,63.4427,-20.2734,47.39,100,90,17.27,overcast clouds
434,cacoal,BR,2021-05-30 16:43:40,-11.4386,-61.4472,88.65,44,35,3.91,scattered clouds
435,scottsbluff,US,2021-05-30 16:43:41,41.8666,-103.6672,57.43,75,90,1.01,overcast clouds
436,nelson bay,AU,2021-05-30 16:43:41,-32.7167,152.15,57.0,85,80,13.51,broken clouds
437,waingapu,ID,2021-05-30 16:43:41,-9.6567,120.2641,76.24,82,95,7.36,overcast clouds
438,labuhan,ID,2021-05-30 16:43:41,-6.8844,112.2051,78.6,85,100,4.76,overcast clouds
439,honiara,SB,2021-05-30 16:40:19,-9.4333,159.95,76.23,89,53,3.44,broken clouds
440,salo,IT,2021-05-30 16:43:42,45.6086,10.531,75.29,65,54,1.45,broken clouds
441,cabedelo,BR,2021-05-30 16:43:42,-6.9811,-34.8339,83.07,76,71,13.42,broken clouds
442,plettenberg bay,ZA,2021-05-30 16:43:42,-34.0527,23.3716,58.03,81,98,5.7,overcast clouds
443,benguela,AO,2021-05-30 16:43:42,-12.5763,13.4055,78.13,67,1,9.69,clear sky
444,sur,OM,2021-05-30 16:43:43,22.5667,59.5289,91.81,47,62,9.86,broken clouds
445,andapa,MG,2021-05-30 16:43:43,-14.65,49.65,66.09,99,23,1.34,few clouds
446,maraa,BR,2021-05-30 16:43:43,-1.8333,-65.3667,84.09,80,53,0.31,broken clouds
447,padilla,CO,2021-05-30 16:43:43,3.2204,-76.3139,76.57,69,58,2.64,broken clouds
448,cayce,US,2021-05-30 16:43:44,33.9657,-81.074,67.19,66,90,6.91,overcast clouds
449,ahipara,NZ,2021-05-30 16:39:19,-35.1667,173.1667,57.81,82,97,18.88,overcast clouds
450,rapar,IN,2021-05-30 16:43:44,23.5667,70.6333,87.4,64,86,18.05,overcast clouds
451,bethel,US,2021-05-30 16:43:44,41.3712,-73.414,50.58,89,90,1.99,light rain
452,fukue,JP,2021-05-30 16:43:45,32.6881,128.8419,67.87,70,0,6.06,clear sky
453,salekhard,RU,2021-05-30 16:43:45,66.53,66.6019,38.05,61,64,17.0,broken clouds
454,tupancireta,BR,2021-05-30 16:43:45,-29.0806,-53.8358,55.53,44,4,6.53,clear sky
455,kjollefjord,NO,2021-05-30 16:43:46,70.9457,27.3465,42.85,81,75,24.54,broken clouds
456,lahat,ID,2021-05-30 16:43:46,-3.8,103.5333,73.2,98,98,2.51,moderate rain
457,tupelo,US,2021-05-30 16:43:46,34.2576,-88.7034,68.25,56,40,8.99,scattered clouds
458,ossora,RU,2021-05-30 16:43:46,59.2353,163.0719,36.95,94,98,3.2,overcast clouds
459,cuapiaxtla,MX,2021-05-30 16:43:47,19.3,-97.7667,63.59,39,6,3.69,clear sky
460,port-cartier,CA,2021-05-30 16:43:47,50.0334,-66.8654,57.92,42,0,7.47,clear sky
461,sinnamary,GF,2021-05-30 16:43:47,5.3833,-52.95,80.51,84,93,9.24,overcast clouds
462,kokstad,ZA,2021-05-30 16:43:48,-30.5472,29.4241,41.58,90,22,3.33,few clouds
463,kahului,US,2021-05-30 16:39:46,20.8947,-156.47,75.85,76,1,6.91,clear sky
464,clarence town,AU,2021-05-30 16:43:48,-32.5833,151.7833,56.86,81,94,3.74,overcast clouds
465,monster,NL,2021-05-30 16:43:48,52.0258,4.175,72.99,61,5,8.01,clear sky
466,cambridge,CA,2021-05-30 16:43:40,43.3601,-80.3127,65.23,43,1,1.01,clear sky
467,manuk mangkaw,PH,2021-05-30 16:43:49,4.8,119.85,83.71,72,70,4.5,broken clouds
468,phagwara,IN,2021-05-30 16:43:49,31.2178,75.7694,94.14,33,2,11.36,clear sky
469,sheridan,US,2021-05-30 16:43:36,44.8333,-106.9173,65.7,39,1,3.0,clear sky
470,bairnsdale,AU,2021-05-30 16:43:50,-37.8333,147.6167,35.71,84,8,3.91,clear sky
471,san quintin,MX,2021-05-30 16:43:50,30.4833,-115.95,63.18,66,86,11.25,overcast clouds
472,petropavlovsk-kamchatskiy,RU,2021-05-30 16:43:50,53.0452,158.6483,37.99,87,90,3.13,overcast clouds
473,aswan,EG,2021-05-30 16:41:38,24.0934,32.907,98.29,11,100,5.66,overcast clouds
474,kavaratti,IN,2021-05-30 16:39:53,10.5669,72.642,83.52,75,100,18.12,overcast clouds
475,linda,US,2021-05-30 16:43:51,39.1277,-121.5508,91.27,55,1,4.61,clear sky
476,zeulenroda,DE,2021-05-30 16:43:51,50.65,11.9833,61.7,44,15,7.23,few clouds
477,salinas,US,2021-05-30 16:43:51,36.6777,-121.6555,62.22,76,90,0.0,overcast clouds
478,moussoro,TD,2021-05-30 16:43:52,13.6408,16.4901,102.42,7,27,8.86,scattered clouds
479,cravo norte,CO,2021-05-30 16:43:52,6.3017,-70.2041,85.78,62,92,7.76,moderate rain
480,zaraza,VE,2021-05-30 16:43:52,9.3503,-65.3245,96.26,34,47,7.36,scattered clouds
481,haines junction,CA,2021-05-30 16:39:23,60.7522,-137.5108,48.15,53,100,6.91,overcast clouds
482,uglegorsk,RU,2021-05-30 16:43:53,49.0833,142.0333,38.17,83,99,5.03,overcast clouds
483,villarrica,PY,2021-05-30 16:43:53,-25.75,-56.4333,72.52,22,1,9.84,clear sky
484,saint-francois,FR,2021-05-30 16:43:53,46.4154,3.9054,72.84,31,0,8.05,clear sky
485,cap malheureux,MU,2021-05-30 16:43:53,-19.9842,57.6142,75.69,81,2,11.86,clear sky
486,diamantino,BR,2021-05-30 16:41:16,-14.4086,-56.4461,90.37,32,85,3.11,overcast clouds
487,fengzhen,CN,2021-05-30 16:43:54,40.4394,113.1536,63.54,42,59,11.56,broken clouds
488,bubaque,GW,2021-05-30 16:43:54,11.2833,-15.8333,77.99,73,67,13.31,broken clouds
489,springdale,US,2021-05-30 16:43:54,36.1867,-94.1288,64.47,72,1,4.61,clear sky
490,terney,RU,2021-05-30 16:43:55,45.0503,136.6092,43.05,93,100,1.32,overcast clouds
491,amahai,ID,2021-05-30 16:43:55,-3.3333,128.9167,78.1,85,100,2.64,moderate rain
492,axim,GH,2021-05-30 16:43:55,4.8699,-2.2405,83.19,73,81,9.62,broken clouds
493,spisska bela,SK,2021-05-30 16:43:56,49.1872,20.4595,52.61,96,100,4.94,overcast clouds
494,camana,PE,2021-05-30 16:43:56,-16.6228,-72.7111,69.87,73,100,9.69,overcast clouds
495,dukat,RU,2021-05-30 16:43:56,62.55,155.55,31.73,88,99,4.74,overcast clouds
496,avera,US,2021-05-30 16:43:56,33.194,-82.5271,76.71,46,40,7.61,scattered clouds
497,oron,NG,2021-05-30 16:43:57,4.8256,8.2343,82.04,82,94,7.31,light rain
498,alihe,CN,2021-05-30 16:43:57,50.5667,123.7167,49.66,91,96,1.57,overcast clouds
499,tiksi,RU,2021-05-30 16:43:57,71.6872,128.8694,30.96,95,8,7.31,clear sky
500,tibu,CO,2021-05-30 16:43:58,8.639,-72.7358,91.44,51,58,2.71,broken clouds
501,marsa matruh,EG,2021-05-30 16:43:58,31.3525,27.2453,89.8,31,48,16.11,scattered clouds
502,gornopravdinsk,RU,2021-05-30 16:43:59,60.05,69.9,67.06,52,74,7.56,broken clouds
503,jizan,SA,2021-05-30 16:43:59,17.3333,42.6667,92.34,40,2,6.26,clear sky
504,lucapa,AO,2021-05-30 16:43:59,-8.4192,20.7447,72.72,33,60,3.02,broken clouds
505,porirua,NZ,2021-05-30 16:43:59,-41.1333,174.85,52.43,85,95,8.03,overcast clouds
506,narrabri,AU,2021-05-30 16:44:00,-30.3167,149.7833,46.49,81,0,14.97,clear sky
507,opuwo,NA,2021-05-30 16:44:00,-18.0607,13.84,69.98,22,33,6.87,scattered clouds
508,buchanan,LR,2021-05-30 16:44:00,5.8808,-10.0467,78.76,75,73,7.7,light rain
509,tolga,DZ,2021-05-30 16:44:00,34.7222,5.3785,94.01,19,57,4.21,broken clouds
510,salalah,OM,2021-05-30 16:44:01,17.0151,54.0924,84.29,84,75,9.22,broken clouds
511,ngunguru,NZ,2021-05-30 16:44:01,-35.6167,174.5,52.16,87,97,9.1,overcast clouds
512,dehui,CN,2021-05-30 16:44:01,44.5333,125.7,59.31,50,97,8.01,overcast clouds
513,rawson,AR,2021-05-30 16:41:19,-43.3002,-65.1023,44.89,61,75,15.99,broken clouds
514,broome,US,2021-05-30 16:44:02,42.2506,-75.833,53.62,72,90,1.01,overcast clouds
515,hurricane,US,2021-05-30 16:44:02,37.1753,-113.2899,88.14,12,33,5.28,scattered clouds
516,faya,SA,2021-05-30 16:44:02,18.3851,42.4509,77.11,28,57,3.13,broken clouds
517,ulladulla,AU,2021-05-30 16:39:06,-35.35,150.4667,46.87,84,15,5.03,few clouds
518,chaumont,FR,2021-05-30 16:44:02,48.1167,5.1333,70.09,72,2,15.52,clear sky
519,cayenne,GF,2021-05-30 16:44:03,4.9333,-52.3333,82.09,84,75,5.01,broken clouds
520,kolyvan,RU,2021-05-30 16:44:03,55.3053,82.7391,64.02,81,16,6.17,few clouds
521,prieska,ZA,2021-05-30 16:44:03,-29.6641,22.7474,54.16,33,0,4.52,clear sky
522,hirara,JP,2021-05-30 16:44:04,24.8,125.2833,79.3,84,100,10.45,light rain
523,trat,TH,2021-05-30 16:44:04,12.5,102.5,82.78,90,6,0.85,clear sky
524,bam,IR,2021-05-30 16:44:04,29.106,58.357,91.15,8,0,8.72,clear sky
525,sarai,RU,2021-05-30 16:44:05,53.7458,41.0213,45.5,93,100,14.58,light rain
526,qasigiannguit,GL,2021-05-30 16:44:05,68.8193,-51.1922,52.05,55,45,3.91,scattered clouds
527,hambantota,LK,2021-05-30 16:44:05,6.1241,81.1185,80.76,79,84,19.37,broken clouds
528,togur,RU,2021-05-30 16:44:06,58.3631,82.8265,55.6,80,60,8.88,light rain
529,camapua,BR,2021-05-30 16:44:06,-19.5314,-54.0439,89.73,28,70,9.95,broken clouds
530,saint-paul,RE,2021-05-30 16:44:06,-21.0096,55.2707,70.74,81,3,1.5,clear sky
531,bitung,ID,2021-05-30 16:44:07,1.4451,125.1824,79.65,83,99,4.05,overcast clouds
532,yamethin,MM,2021-05-30 16:44:07,20.4333,96.15,78.51,85,76,8.05,broken clouds
533,faanui,PF,2021-05-30 16:44:07,-16.4833,-151.75,80.1,76,93,14.81,overcast clouds
534,khandyga,RU,2021-05-30 16:44:07,62.6667,135.6,51.51,76,100,9.84,light rain
535,lokoja,NG,2021-05-30 16:44:08,7.8024,6.743,93.87,48,77,6.02,broken clouds
536,alta floresta,BR,2021-05-30 16:44:08,-9.8756,-56.0861,87.24,44,58,5.08,broken clouds
537,caravelas,BR,2021-05-30 16:44:08,-17.7125,-39.2481,83.16,61,9,8.97,clear sky
538,sobolevo,RU,2021-05-30 16:44:08,54.4299,31.8996,50.99,68,100,9.04,light rain
539,progreso,MX,2021-05-30 16:44:09,21.2833,-89.6667,90.1,60,22,11.43,few clouds
540,port blair,IN,2021-05-30 16:44:09,11.6667,92.75,82.24,79,100,3.49,overcast clouds
541,shizuishan,CN,2021-05-30 16:44:09,39.2333,106.7694,75.29,21,95,28.32,overcast clouds
542,catumbela,AO,2021-05-30 16:44:10,-12.4314,13.5472,77.83,68,2,6.89,clear sky
543,illela,NG,2021-05-30 16:44:10,13.7292,5.2975,107.22,11,13,10.02,few clouds
544,lodwar,KE,2021-05-30 16:44:10,3.1191,35.5973,89.96,33,45,13.35,scattered clouds
545,poya,NC,2021-05-30 16:44:10,-21.35,165.15,66.33,75,74,5.84,broken clouds
546,ikom,NG,2021-05-30 16:44:11,5.9667,8.7063,86.67,67,76,4.68,broken clouds
547,kayerkan,RU,2021-05-30 16:44:11,69.3497,87.7602,37.4,83,100,33.51,light rain
548,taunggyi,MM,2021-05-30 16:44:11,20.7833,97.0333,66.52,90,91,3.49,overcast clouds
549,wajir,KE,2021-05-30 16:44:11,1.7471,40.0573,89.56,40,0,0.0,clear sky
550,kroya,ID,2021-05-30 16:44:12,-7.6331,109.2461,79.2,87,46,4.74,scattered clouds
551,belize,BZ,2021-05-30 16:44:12,17.25,-88.75,88.12,60,93,5.39,overcast clouds
552,dunedin,NZ,2021-05-30 16:44:12,-45.8742,170.5036,50.81,98,100,11.18,overcast clouds
553,mount vernon,US,2021-05-30 16:44:13,40.9126,-73.8371,51.75,91,90,1.01,overcast clouds
554,shenkursk,RU,2021-05-30 16:44:13,62.1091,42.896,43.66,60,90,2.3,overcast clouds
555,nouadhibou,MR,2021-05-30 16:44:13,20.931,-17.0347,76.98,65,91,13.8,overcast clouds
556,carutapera,BR,2021-05-30 16:44:13,-1.195,-46.02,83.95,72,24,9.64,few clouds
557,ilam,NP,2021-05-30 16:44:14,26.9167,87.9167,68.29,85,19,4.09,few clouds
558,strezhevoy,RU,2021-05-30 16:44:14,60.7333,77.5889,69.78,58,67,10.54,broken clouds
559,lebowakgomo,ZA,2021-05-30 16:44:14,-24.2,29.5,67.1,26,1,5.82,clear sky
560,pechenga,RU,2021-05-30 16:44:15,69.5259,31.1703,47.26,66,99,18.54,overcast clouds
561,bagumbayan,PH,2021-05-30 16:44:15,17.7227,121.447,79.25,88,78,2.64,broken clouds
562,saint-augustin,CA,2021-05-30 16:43:07,51.226,-58.6502,61.84,31,1,6.64,clear sky
563,vaitape,PF,2021-05-30 16:44:15,-16.5167,-151.75,80.11,76,94,14.94,overcast clouds
564,kikwit,CD,2021-05-30 16:39:44,-5.041,18.8162,81.66,40,76,3.58,broken clouds
565,conway,US,2021-05-30 16:44:16,35.0887,-92.4421,66.76,65,75,7.38,broken clouds
566,aras,ES,2021-05-30 16:44:16,42.5617,-2.356,81.01,39,40,6.71,scattered clouds
567,lefka,CY,2021-05-30 16:44:16,35.1106,32.8506,80.55,63,8,0.49,clear sky
568,ofunato,JP,2021-05-30 16:44:16,39.0717,141.7167,56.39,77,62,13.15,broken clouds
569,filingue,NE,2021-05-30 16:44:17,14.3521,3.3168,106.77,11,5,5.26,clear sky
570,kirkwall,GB,2021-05-30 16:43:07,58.9848,-2.9587,48.54,100,90,11.5,overcast clouds
571,sao filipe,CV,2021-05-30 16:44:17,14.8961,-24.4956,72.57,82,95,10.74,overcast clouds
572,george town,MY,2021-05-30 16:40:28,5.4112,100.3354,85.89,83,20,3.0,few clouds
573,presidencia roque saenz pena,AR,2021-05-30 16:44:17,-26.7852,-60.4388,68.92,29,8,8.34,clear sky
574,alamosa,US,2021-05-30 16:44:18,37.4695,-105.87,70.66,51,1,11.5,clear sky
575,ketchikan,US,2021-05-30 16:44:18,55.3422,-131.6461,49.98,93,90,5.75,light rain
576,rorvik,NO,2021-05-30 16:44:18,64.8621,11.2373,55.38,76,75,9.22,broken clouds
577,singaraja,ID,2021-05-30 16:44:18,-8.112,115.0882,77.52,81,59,2.24,broken clouds
578,awjilah,LY,2021-05-30 16:44:19,29.1081,21.2869,97.84,15,2,10.25,clear sky
579,sept-iles,CA,2021-05-30 16:44:19,50.2001,-66.3821,58.24,62,1,5.99,clear sky
580,kysyl-syr,RU,2021-05-30 16:44:19,63.8986,122.7617,48.6,52,34,5.32,scattered clouds
581,blackfoot,US,2021-05-30 16:44:19,43.1905,-112.345,69.55,32,1,6.26,clear sky
582,kupang,ID,2021-05-30 16:44:20,-10.1667,123.5833,76.19,88,76,10.98,broken clouds
583,diffa,NE,2021-05-30 16:44:20,13.3154,12.6113,100.24,6,1,8.12,clear sky
584,ewa beach,US,2021-05-30 16:39:28,21.3156,-158.0072,73.35,81,75,5.75,broken clouds
585,ulverstone,AU,2021-05-30 16:44:20,-41.15,146.1667,42.19,85,3,1.01,clear sky
586,chulym,RU,2021-05-30 16:44:20,55.0997,80.9572,60.06,66,21,5.73,few clouds
587,navahrudak,BY,2021-05-30 16:44:21,53.6,25.8333,52.99,68,76,10.54,broken clouds
588,lorengau,PG,2021-05-30 16:44:21,-2.0226,147.2712,80.4,85,100,8.23,overcast clouds
589,natal,BR,2021-05-30 16:44:21,-5.795,-35.2094,88.45,51,40,11.01,scattered clouds
590,astana,KZ,2021-05-30 16:44:22,51.1801,71.446,71.55,49,40,8.55,scattered clouds
591,manokwari,ID,2021-05-30 16:44:22,-0.8667,134.0833,79.7,81,100,2.84,overcast clouds
592,leh,IN,2021-05-30 16:44:22,34.1667,77.5833,52.0,51,54,3.27,broken clouds
593,tabuk,PH,2021-05-30 16:44:22,17.4189,121.4443,77.58,88,73,2.71,broken clouds
594,gejiu,CN,2021-05-30 16:44:23,23.306,103.1635,59.68,89,46,2.01,scattered clouds
595,lufilufi,WS,2021-05-30 16:44:23,-13.8745,-171.5986,83.01,72,22,16.98,few clouds
596,caluquembe,AO,2021-05-30 16:44:23,-13.7833,14.6833,62.87,28,4,3.49,clear sky
597,medicine hat,CA,2021-05-30 16:44:23,50.0501,-110.6683,67.21,38,20,4.0,few clouds
598,namibe,AO,2021-05-30 16:44:24,-15.1961,12.1522,72.48,74,13,15.3,few clouds
599,rio verde de mato grosso,BR,2021-05-30 16:44:24,-18.9181,-54.8442,86.94,35,95,7.56,overcast clouds
600,poro,PH,2021-05-30 16:44:24,10.6292,124.4087,80.46,79,98,9.4,overcast clouds
601,qeshm,IR,2021-05-30 16:44:25,26.9581,56.2719,91.27,59,0,9.28,clear sky
602,yerbogachen,RU,2021-05-30 16:44:25,61.2767,108.0108,44.28,65,95,11.54,overcast clouds
603,bairiki,KI,2021-05-30 16:44:25,1.3292,172.9752,82.4,83,75,14.47,broken clouds
604,japura,ID,2021-05-30 16:44:25,-0.3167,102.35,76.51,91,65,1.3,broken clouds
605,teya,RU,2021-05-30 16:44:26,60.3778,92.6267,39.0,66,26,2.48,scattered clouds
606,hammerfest,NO,2021-05-30 16:44:26,70.6634,23.6821,41.45,93,75,18.41,broken clouds
607,shaoyang,CN,2021-05-30 16:44:26,27.2315,111.4525,67.06,86,83,0.78,broken clouds
608,talca,CL,2021-05-30 16:44:26,-35.4333,-71.6667,55.15,52,73,6.46,broken clouds
609,tupik,RU,2021-05-30 16:44:27,54.4253,119.9327,47.19,98,100,1.36,light rain
610,suntar,RU,2021-05-30 16:44:27,62.1444,117.6319,51.06,72,93,3.71,overcast clouds
611,tabas,IR,2021-05-30 16:44:27,33.5959,56.9244,96.03,7,0,9.98,clear sky
612,tigil,RU,2021-05-30 16:39:58,57.8,158.6667,34.56,84,22,2.19,few clouds
613,providencia,MX,2021-05-30 16:44:28,28.7167,-111.5833,85.6,62,73,11.01,broken clouds
614,panama city,PA,2021-05-30 16:40:15,8.9936,-79.5197,88.18,72,20,5.75,few clouds
615,amarante do maranhao,BR,2021-05-30 16:44:28,-5.5667,-46.7422,90.05,33,20,6.31,few clouds
616,santiago del estero,AR,2021-05-30 16:41:27,-27.7951,-64.2615,67.37,29,77,6.04,broken clouds
617,maumere,ID,2021-05-30 16:44:28,-8.6199,122.2111,77.16,82,95,4.43,overcast clouds
618,lompoc,US,2021-05-30 16:44:29,34.6391,-120.4579,68.38,82,90,8.05,overcast clouds
619,north branch,US,2021-05-30 16:44:29,45.5113,-92.9802,59.2,89,100,8.81,overcast clouds
620,polunochnoye,RU,2021-05-30 16:44:29,60.8697,60.4153,40.08,92,99,2.37,overcast clouds
621,fowa,NG,2021-05-30 16:44:29,8.9167,6.4,96.15,37,28,1.12,scattered clouds
622,port macquarie,AU,2021-05-30 16:44:30,-31.4333,152.9167,55.36,76,88,11.32,overcast clouds
623,stolin,BY,2021-05-30 16:44:30,51.8912,26.846,52.65,87,100,8.86,overcast clouds
624,beloha,MG,2021-05-30 16:44:30,-25.1667,45.05,66.6,76,17,2.91,few clouds
625,matagami,CA,2021-05-30 16:44:30,49.7502,-77.6328,64.51,24,1,8.16,clear sky
626,luwuk,ID,2021-05-30 16:44:31,-0.9516,122.7875,77.04,90,64,3.76,broken clouds
627,enid,US,2021-05-30 16:42:10,36.3956,-97.8784,63.09,81,90,3.0,overcast clouds
628,verkhnyaya inta,RU,2021-05-30 16:44:31,65.9811,60.3094,40.5,53,95,11.27,overcast clouds
629,dhidhdhoo,MV,2021-05-30 16:44:31,6.8833,73.1,83.3,75,94,20.36,overcast clouds
630,si chiang mai,TH,2021-05-30 16:44:32,17.9564,102.5867,88.95,70,100,2.08,overcast clouds
631,nyurba,RU,2021-05-30 16:44:32,63.2842,118.3319,48.43,55,65,1.52,broken clouds
632,smithers,CA,2021-05-30 16:42:04,54.7804,-127.1743,46.72,93,90,2.3,overcast clouds
633,nalut,LY,2021-05-30 16:44:32,30.3333,10.85,98.58,10,31,14.36,scattered clouds
634,agadez,NE,2021-05-30 16:44:32,19.75,10.25,102.04,6,37,10.69,scattered clouds
635,sergeyevka,KZ,2021-05-30 16:41:15,53.88,67.4158,71.69,39,19,9.64,few clouds
636,port hardy,CA,2021-05-30 16:42:12,50.6996,-127.4199,51.98,93,90,12.66,light rain
637,bayanday,RU,2021-05-30 16:44:33,53.0661,105.5139,34.32,67,68,3.71,broken clouds
638,san carlos de bariloche,AR,2021-05-30 16:44:33,-41.1456,-71.3082,49.75,66,40,9.37,scattered clouds
639,owatonna,US,2021-05-30 16:44:33,44.0839,-93.226,53.85,93,90,11.5,overcast clouds
640,salisbury,GB,2021-05-30 16:44:34,51.0693,-1.7957,68.81,47,20,8.05,few clouds
641,bose,IT,2021-05-30 16:44:34,45.4612,8.0137,72.36,61,82,2.01,broken clouds
642,erenhot,CN,2021-05-30 16:44:34,43.6475,111.9767,70.02,20,97,17.11,overcast clouds
643,shulan,CN,2021-05-30 16:44:34,44.4167,126.95,53.37,83,92,6.26,moderate rain
644,kuloy,RU,2021-05-30 16:44:35,61.0305,42.4925,43.84,55,78,5.12,broken clouds
645,mandya,IN,2021-05-30 16:44:35,12.5242,76.8958,75.11,77,99,12.28,overcast clouds
646,lat yao,TH,2021-05-30 16:44:35,15.751,99.7893,85.28,68,45,5.1,scattered clouds
647,flint,US,2021-05-30 16:44:36,43.0125,-83.6875,68.81,34,1,6.91,clear sky
648,santa cruz de la palma,ES,2021-05-30 16:44:36,28.6835,-17.7642,72.14,68,20,18.41,few clouds
649,mengcheng,CN,2021-05-30 16:44:36,33.2579,116.5655,76.64,63,55,6.78,light rain
650,reconquista,AR,2021-05-30 16:44:36,-29.15,-59.65,64.08,34,5,7.25,clear sky
651,jiayuguan,CN,2021-05-30 16:44:37,39.8167,98.3,67.03,22,76,14.5,broken clouds
652,dwarka,IN,2021-05-30 16:44:37,22.2394,68.9678,83.44,85,100,16.93,overcast clouds
653,sistranda,NO,2021-05-30 16:44:37,63.7256,8.834,49.96,79,90,5.32,overcast clouds
654,sandnessjoen,NO,2021-05-30 16:44:38,66.0217,12.6316,53.58,81,75,3.8,broken clouds
655,yar-sale,RU,2021-05-30 16:44:38,66.8333,70.8333,41.74,56,50,18.43,scattered clouds
656,stillwater,US,2021-05-30 16:44:38,36.1156,-97.0584,66.81,79,75,1.99,broken clouds
657,ponerihouen,NC,2021-05-30 16:44:38,-21.0833,165.4,63.77,79,11,5.37,few clouds
658,yelan-koleno,RU,2021-05-30 16:44:39,51.1523,41.2306,61.63,93,90,12.3,overcast clouds
659,meiktila,MM,2021-05-30 16:44:39,20.8667,95.8667,81.03,75,31,13.09,scattered clouds
660,chara,RU,2021-05-30 16:44:39,56.9064,118.2631,45.99,84,96,2.3,light rain
661,rio gallegos,AR,2021-05-30 16:40:02,-51.6226,-69.2181,35.65,75,75,10.36,broken clouds
662,tahe,CN,2021-05-30 16:44:39,52.3333,124.7333,43.39,96,81,1.14,broken clouds
663,luocheng,CN,2021-05-30 16:44:40,29.3848,104.0286,69.94,86,100,1.79,light rain
664,south venice,US,2021-05-30 16:44:40,27.0531,-82.4243,88.99,75,1,8.05,clear sky
665,abha,SA,2021-05-30 16:42:09,18.2164,42.5053,76.82,53,20,3.8,few clouds
666,cairns,AU,2021-05-30 16:44:40,-16.9167,145.7667,70.07,96,75,9.22,light rain
667,san vicente,AR,2021-05-30 16:44:40,-26.6167,-54.1333,66.13,31,0,6.04,clear sky
668,codrington,AU,2021-05-30 16:39:46,-38.2667,141.9667,40.89,72,2,8.34,clear sky
669,kailua,US,2021-05-30 16:44:41,21.4022,-157.7394,73.38,59,69,1.86,broken clouds
670,balaguer,ES,2021-05-30 16:44:41,41.7912,0.8109,80.28,69,93,12.44,overcast clouds
671,palauig,PH,2021-05-30 16:44:41,15.435,119.9045,83.21,77,30,5.46,scattered clouds
672,greeneville,US,2021-05-30 16:44:42,36.1632,-82.831,63.88,78,90,0.0,overcast clouds
673,vardo,NO,2021-05-30 16:44:42,70.3705,31.1107,44.8,70,75,13.8,broken clouds
674,dong hoi,VN,2021-05-30 16:44:42,17.4833,106.6,83.59,71,26,7.09,scattered clouds
675,quatre cocos,MU,2021-05-30 16:44:42,-20.2078,57.7625,75.31,77,2,7.07,clear sky
676,verkhozim,RU,2021-05-30 16:44:43,52.7122,45.418,58.39,95,100,12.97,light rain
677,kulhudhuffushi,MV,2021-05-30 16:44:43,6.6221,73.07,83.43,74,87,20.24,overcast clouds
678,khorinsk,RU,2021-05-30 16:44:43,52.1657,109.7726,35.22,66,6,3.94,clear sky
679,gillette,US,2021-05-30 16:44:43,44.2911,-105.5022,61.68,42,1,3.0,clear sky
680,anadyr,RU,2021-05-30 16:40:33,64.75,177.4833,36.1,80,0,4.0,clear sky
681,bonavista,CA,2021-05-30 16:44:44,48.6499,-53.1147,66.2,73,5,6.13,clear sky
682,gomel,BY,2021-05-30 16:44:44,52.4345,30.9754,58.98,47,0,9.62,clear sky
683,ginda,IN,2021-05-30 16:44:44,30.6945,78.4932,60.84,80,87,3.06,overcast clouds
684,korla,CN,2021-05-30 16:44:44,41.7597,86.1469,78.42,20,28,0.51,scattered clouds
685,forbes,AU,2021-05-30 16:44:45,-33.3833,148.0167,38.91,76,0,4.25,clear sky
686,batticaloa,LK,2021-05-30 16:40:30,7.7102,81.6924,83.53,73,43,2.51,scattered clouds
687,rundu,NA,2021-05-30 16:44:45,-17.9333,19.7667,66.16,20,25,3.91,scattered clouds
688,ruston,US,2021-05-30 16:44:45,32.5232,-92.6379,68.9,55,75,3.44,broken clouds
689,pompeu,BR,2021-05-30 16:44:46,-19.2244,-44.9353,85.06,35,80,4.23,broken clouds
690,morondava,MG,2021-05-30 16:44:46,-20.2833,44.2833,73.47,68,0,10.89,clear sky
691,lashio,MM,2021-05-30 16:44:46,22.9333,97.75,70.0,96,95,1.77,overcast clouds
692,rosetta,EG,2021-05-30 16:44:46,31.4044,30.4164,39.02,59,13,21.59,few clouds
693,kastamonu,TR,2021-05-30 16:44:47,41.5,33.6667,60.15,78,65,4.38,broken clouds
694,tessalit,ML,2021-05-30 16:44:47,20.1986,1.0114,107.31,5,93,18.05,overcast clouds
695,pringsewu,ID,2021-05-30 16:44:47,-5.3582,104.9744,74.07,96,53,2.62,broken clouds
696,saint anthony,US,2021-05-30 16:44:47,45.0205,-93.218,58.1,78,90,1.99,overcast clouds
697,kitimat,CA,2021-05-30 16:43:00,54.0524,-128.6534,51.91,95,100,0.92,light rain
